Ticker,Year,Total Revenue,Net Income,Interest Income,Interest Expense,Net Interest Income,Operating Expense,Diluted EPS,Total Assets,Total Debt,Stockholders Equity,Net Loan,Cash And Cash Equivalents,ROE,ROA,NIM,Equity_to_Assets,Loan_to_Assets,Cost_to_Income_pct,EPS_Growth_%,Cost_Basis
AXISBANK.NS,2023,624158400000.0,108184500000.0,874483700000.0,433891500000.0,440592200000.0,405520500000.0,35.04,13444179600000.0,1984445700000.0,1297817100000.0,8499646800000.0,1392721300000.0,8.34,0.8,3.28,9.65,63.22,64.97,,Operating Expense (reported)
AXISBANK.NS,2024,766030400000.0,263862000000.0,1127590500000.0,613907400000.0,513683100000.0,376837500000.0,85.01,15182385300000.0,2281995500000.0,1570235200000.0,9828952800000.0,1380502800000.0,16.8,1.74,3.38,10.34,64.74,49.19,142.61,Operating Expense (reported)
AXISBANK.NS,2025,846683300000.0,280551100000.0,1273740900000.0,710363100000.0,563377800000.0,398617100000.0,90.18,16569626100000.0,2206867500000.0,1872354900000.0,10644112300000.0,1171491700000.0,14.98,1.69,3.4,11.3,64.24,47.08,6.08,Operating Expense (reported)
AXISBANK.NS,2026,880673100000.0,263848500000.0,1325382400000.0,740749900000.0,584632500000.0,442841700000.0,84.48,19460502900000.0,2805106200000.0,2150353500000.0,12556162200000.0,1180410900000.0,12.27,1.36,3.0,11.05,64.52,50.28,-6.32,Operating Expense (reported)
HDFCBANK.NS,2023,1205375000000.0,495446900000.0,1689526700000.0,775538200000.0,913988500000.0,400219800000.0,88.68,25755624000000.0,3151792800000.0,2912200700000.0,17052927900000.0,2363920200000.0,17.01,1.92,3.55,11.31,66.21,33.2,,Selling General & Administration (proxy)
HDFCBANK.NS,2024,1604968500000.0,622656600000.0,2781926200000.0,1533922800000.0,1248003400000.0,569796800000.0,44.16,44118573000000.0,8093552100000.0,6947327400000.0,26335700900000.0,3425973300000.0,8.96,1.41,2.83,15.75,59.69,35.5,-50.2,Selling General & Administration (proxy)
HDFCBANK.NS,2025,1838641100000.0,673508300000.0,3227962600000.0,1823477000000.0,1404485600000.0,592009400000.0,44.82,48187671100000.0,7326106100000.0,7676891400000.0,28102981800000.0,3222323100000.0,8.77,1.4,2.91,15.93,58.32,32.2,1.49,Selling General & Administration (proxy)
HDFCBANK.NS,2026,1925667800000.0,704793400000.0,3360265000000.0,1860495500000.0,1499769500000.0,628690500000.0,45.75,52621193200000.0,6643640400000.0,8167395600000.0,30993886500000.0,3650673900000.0,8.63,1.34,2.85,15.52,58.9,32.65,2.07,Selling General & Administration (proxy)
ICICIBANK.NS,2023,1355811552000.0,340366408000.0,1210668098000.0,505433879000.0,705234219000.0,301948279000.0,47.84,19584904970000.0,1835094403000.0,2144977893000.0,10341105480000.0,1635673702000.0,15.87,1.74,3.6,10.95,52.8,22.27,,Selling General & Administration (proxy)
ICICIBANK.NS,2024,1612101952000.0,442563735000.0,1595159252000.0,741081627000.0,854077625000.0,370325892000.0,61.96,23640630275000.0,2009987053000.0,2561438346000.0,12106972715000.0,1901295868000.0,17.28,1.87,3.61,10.83,51.21,22.97,29.52,Selling General & Administration (proxy)
ICICIBANK.NS,2025,2047152637000.0,510291955000.0,1863314641000.0,890276529000.0,973038112000.0,552972889000.0,71.14,26422414134000.0,2036497477000.0,3139059061000.0,14206637100000.0,2383044013000.0,16.26,1.93,3.68,11.88,53.77,27.01,14.82,Selling General & Administration (proxy)
ICICIBANK.NS,2026,2234071181000.0,542077028000.0,1952184591000.0,890285812000.0,1061898779000.0,651002009000.0,74.77,29144979720000.0,2076173410000.0,3630604157000.0,15993094469000.0,2902489464000.0,14.93,1.86,3.64,12.46,54.87,29.14,5.1,Selling General & Administration (proxy)
KOTAKBANK.NS,2023,518572514000.0,149250096000.0,421510612000.0,144111322000.0,277399290000.0,320795887000.0,14.988,6204297348000.0,523339234000.0,1123143983000.0,3535565825000.0,474698271000.0,13.29,2.41,4.47,18.1,56.99,61.86,,Operating Expense (reported)
KOTAKBANK.NS,2024,696695998000.0,182132075000.0,562366323000.0,225672371000.0,336693952000.0,443111840000.0,18.29,7676669590000.0,751056062000.0,1299716900000.0,4227668338000.0,684602374000.0,14.01,2.37,4.39,16.93,55.07,63.6,22.03,Operating Expense (reported)
KOTAKBANK.NS,2025,759844581000.0,221259890000.0,656688252000.0,282709127000.0,373979125000.0,437269292000.0,22.26,8797743370000.0,867510344000.0,1574893498000.0,4806358404000.0,811127235000.0,14.05,2.51,4.25,17.9,54.63,57.55,21.71,Operating Expense (reported)
KOTAKBANK.NS,2026,757885305000.0,192878925000.0,697812121000.0,296199788000.0,401612333000.0,461420660000.0,19.39,10033527910000.0,953935315000.0,1812258709000.0,5567122864000.0,1034828436000.0,10.64,1.92,4.0,18.06,55.49,60.88,-12.89,Operating Expense (reported)
SBIN.NS,2023,2703369068000.0,556481728000.0,3508445801000.0,1899808167000.0,1608637634000.0,1861696085000.0,62.35,59544183170000.0,5220926306000.0,3589313181000.0,30848366537000.0,5369031044000.0,15.5,0.93,2.7,6.03,51.81,68.87,,Operating Expense (reported)
SBIN.NS,2024,3236135037000.0,670846661000.0,4391885123000.0,2597360481000.0,1794524642000.0,2288145880000.0,75.17,67337787997000.0,5565032351000.0,4149391715000.0,35640802512000.0,5975677770000.0,16.17,1.0,2.66,6.16,52.93,70.71,20.56,Operating Expense (reported)
SBIN.NS,2025,3495234156000.0,775613371000.0,4903126989000.0,3009433353000.0,1893693636000.0,2328766437000.0,86.91,73141853408000.0,6181254399000.0,4870367587000.0,40039023796000.0,6208491788000.0,15.93,1.06,2.59,6.66,54.74,66.63,15.62,Operating Expense (reported)
SBIN.NS,2026,3817091770000.0,832987824000.0,5149325904000.0,3150048084000.0,1999277820000.0,2573940433000.0,91.16,83215685742000.0,7268922204000.0,5961308694000.0,46681511366000.0,6671134748000.0,13.97,1.0,2.4,7.16,56.1,67.43,4.89,Operating Expense (reported)
